{"parameters": {"n_source": 100, "n_target": 200, "n_test": 2500, "prop_source": 0.5, "prop_target": 0.8, "dist": 0.8, "dimension": 5, "iter": 10}, "0": {"test-data": {"bayes-error": 0.1988}, "labeled-data": {"bandwidth": 0.4897435897435898, "error": 0.2468}, "unlabeled-data": {"bandwidth": 1.0256410256410258, "error": 0.4008}, "mixture-classifier": {"mixture": 1.0, "error": 0.2036}, "classical-classifier": {"bandwidth": 0.9999999999999999, "error": 0.2036}, "oracle-classifier": {"bandwidth": 0.9999999999999999, "error": 0.2236}}, "1": {"test-data": {"bayes-error": 0.1952}, "labeled-data": {"bandwidth": 0.6846153846153846, "error": 0.2008}, "unlabeled-data": {"bandwidth": 1.2205128205128206, "error": 0.2028}, "mixture-classifier": {"mixture": 0.30000000000000004, "error": 0.1972}, "classical-classifier": {"bandwidth": 0.8999999999999999, "error": 0.198}, "oracle-classifier": {"bandwidth": 1.3, "error": 0.2032}}, "2": {"test-data": {"bayes-error": 0.176}, "labeled-data": {"bandwidth": 0.782051282051282, "error": 0.1852}, "unlabeled-data": {"bandwidth": 1.2205128205128206, "error": 0.3316}, "mixture-classifier": {"mixture": 0.4, "error": 0.1924}, "classical-classifier": {"bandwidth": 0.8999999999999999, "error": 0.1808}, "oracle-classifier": {"bandwidth": 1.3, "error": 0.1824}}, "3": {"test-data": {"bayes-error": 0.208}, "labeled-data": {"bandwidth": 0.5871794871794872, "error": 0.2228}, "unlabeled-data": {"bandwidth": 0.1, "error": 0.4752}, "mixture-classifier": {"mixture": 0.7000000000000001, "error": 0.2164}, "classical-classifier": {"bandwidth": 0.9999999999999999, "error": 0.2132}, "oracle-classifier": {"bandwidth": 0.1, "error": 0.4732}}, "4": {"test-data": {"bayes-error": 0.1916}, "labeled-data": {"bandwidth": 1.0743589743589743, "error": 0.1944}, "unlabeled-data": {"bandwidth": 1.3179487179487182, "error": 0.1932}, "mixture-classifier": {"mixture": 0.1, "error": 0.2092}, "classical-classifier": {"bandwidth": 1.0999999999999999, "error": 0.1944}, "oracle-classifier": {"bandwidth": 1.3, "error": 0.1932}}, "5": {"test-data": {"bayes-error": 0.2064}, "labeled-data": {"bandwidth": 0.7333333333333333, "error": 0.2072}, "unlabeled-data": {"bandwidth": 1.9512820512820515, "error": 0.4828}, "mixture-classifier": {"mixture": 0.7000000000000001, "error": 0.2044}, "classical-classifier": {"bandwidth": 0.9999999999999999, "error": 0.2068}, "oracle-classifier": {"bandwidth": 2.0, "error": 0.2116}}, "6": {"test-data": {"bayes-error": 0.192}, "labeled-data": {"bandwidth": 1.0743589743589743, "error": 0.1972}, "unlabeled-data": {"bandwidth": 0.9769230769230769, "error": 0.534}, "mixture-classifier": {"mixture": 0.8, "error": 0.2064}, "classical-classifier": {"bandwidth": 0.7, "error": 0.204}, "oracle-classifier": {"bandwidth": 0.9999999999999999, "error": 0.232}}, "7": {"test-data": {"bayes-error": 0.1872}, "labeled-data": {"bandwidth": 1.123076923076923, "error": 0.1956}, "unlabeled-data": {"bandwidth": 1.853846153846154, "error": 0.2624}, "mixture-classifier": {"mixture": 0.2, "error": 0.1976}, "classical-classifier": {"bandwidth": 0.8999999999999999, "error": 0.1952}, "oracle-classifier": {"bandwidth": 1.9, "error": 0.1956}}, "8": {"test-data": {"bayes-error": 0.198}, "labeled-data": {"bandwidth": 0.9769230769230769, "error": 0.206}, "unlabeled-data": {"bandwidth": 1.1717948717948719, "error": 0.7376}, "mixture-classifier": {"mixture": 0.7000000000000001, "error": 0.2056}, "classical-classifier": {"bandwidth": 1.0999999999999999, "error": 0.2064}, "oracle-classifier": {"bandwidth": 1.0999999999999999, "error": 0.25}}, "9": {"test-data": {"bayes-error": 0.1884}, "labeled-data": {"bandwidth": 0.8794871794871795, "error": 0.1944}, "unlabeled-data": {"bandwidth": 0.9282051282051282, "error": 0.3504}, "mixture-classifier": {"mixture": 0.9, "error": 0.1924}, "classical-classifier": {"bandwidth": 0.9999999999999999, "error": 0.194}, "oracle-classifier": {"bandwidth": 0.8999999999999999, "error": 0.2128}}}